vin,brand,model,year,color
1GYS4HEF5BR246351,Mitsubishi,Montero Sport,2004,Khaki
SAJWA1CB7CL886851,Infiniti,I,1997,Orange
1G6DG5E50C0833674,Dodge,Ram Wagon B350,1992,Turquoise
JM1NC2EF5A0548843,Mazda,B-Series,1997,Fuscia
4USBT33564L187980,Mitsubishi,Montero,2004,Aquamarine
JH4KB16627C157461,Mitsubishi,Pajero,1985,Indigo
WBA3A9G50DN112545,Jeep,Grand Cherokee,2011,Blue
WVGAV3AX0EW974693,GMC,Yukon XL 1500,2005,Teal
1VWAP7A37EC364498,Cadillac,Seville,2003,Fuscia
5J8TB4H74GL134830,Mitsubishi,Outlander,2011,Yellow
SAJWA4EB9EL966475,Ford,F-Series Super Duty,2012,Goldenrod
WAUBFBFLXAN661721,Pontiac,Bonneville,2005,Pink
1N6AF0LX7EN272161,MINI,Cooper Clubman,2012,Red
3D7JB1EPXAG036310,MINI,Cooper Clubman,2009,Yellow
1B3AZ6JZ0AV174893,BMW,X3,2010,Turquoise
JM1NC2EF2A0780445,Mazda,B-Series Plus,1999,Goldenrod
WBA3B5G53DN331232,Volvo,XC70,2006,Blue
3VWA17AU7FM524518,Ram,C/V,2012,Yellow
SCBZB25E82C366505,Holden,VS Commodore,1997,Goldenrod
WBAYM9C57DD865935,Ford,Ranger,1999,Red
WAURFAFR6DA005878,Ford,GT,2005,Goldenrod
WAULC58E25A455139,Chevrolet,Tahoe,2008,Violet
1FADP5AU6EL688030,Nissan,Armada,2009,Aquamarine
JTHBE1BL8F1549955,Lotus,Exige,2012,Orange
WBA3A5C52FF361442,Infiniti,G,2004,Teal
WAUHMBFC8EN202063,Dodge,Aspen,1976,Fuscia
WAUBFBFL4AN925399,BMW,7 Series,1997,Aquamarine
5J8TB3H56FL916621,Mercedes-Benz,E-Class,2004,Fuscia
1G6DS1E33D0408375,Ford,EXP,1987,Fuscia
JN8AS5MT6DW346657,Jaguar,XJ Series,1996,Red
KNADH4A30B6180314,Dodge,Caliber,2011,Puce
WBAEB53598C887741,Ford,Escort,1986,Green
5GAEV23768J919553,Ford,Excursion,2004,Mauv
5NPDH4AE1DH857657,Saturn,S-Series,1999,Goldenrod
SALFR2BN4AH745480,Acura,TSX,2006,Indigo
5TDBW5G17ES212451,Mercedes-Benz,S-Class,1998,Green
TRUDD38J481872052,Jaguar,XJ Series,2001,Pink
WA1MMBFE8AD853366,Chevrolet,Cobalt,2006,Khaki
WAUKH74F18N906758,Cadillac,DTS,2009,Mauv
KM8NU4CC8BU855317,Ford,F350,2002,Blue
WA1MYBFE8AD289223,Mercedes-Benz,M-Class,2001,Pink
WAUFEBFM3BA591307,Chevrolet,Lumina APV,1992,Mauv
3LN6L2LU5ER848664,Mercury,Villager,1998,Turquoise
3VW467AT6DM479865,GMC,Jimmy,2001,Maroon
3G5DA03E14S734240,Ford,Taurus,2009,Turquoise
JN1CV6AP3BM362951,GMC,Jimmy,1994,Green
1FTEW1CM7EF353913,Mercedes-Benz,500E,1992,Orange
WBABS33452P475928,Saturn,Ion,2007,Orange
1N6AA0CC3FN156632,Honda,Accord,1994,Mauv
JM1DE1KY2D0040520,Hyundai,Elantra,2001,Blue
1C4AJWAG2FL770224,Porsche,Carrera GT,2005,Fuscia
WBAKB4C54CC717664,Chevrolet,Sportvan G10,1993,Goldenrod
WUARL48H29K601642,Dodge,Ram Van 3500,1996,Indigo
1D4PT2GK6BW719121,GMC,Sierra 3500HD,2006,Fuscia
1FTEX1C87AK122057,Chevrolet,Express 1500,2002,Khaki
WAUDFAFL1FN926651,Suzuki,Aerio,2002,Khaki
1G6DM5ED3B0501209,Audi,S8,2001,Mauv
KMHTC6AD4FU494059,Infiniti,G,1992,Teal
WBA3F9C51EF450314,Ford,Mustang,1968,Violet
1C3BC8EGXBN047650,Toyota,T100 Xtra,1997,Turquoise
WAUJC68E65A976393,Honda,Civic,2008,Turquoise
WA1YD54BX4N207398,Lincoln,MKX,2011,Indigo
WVWED7AJ0CW964691,Oldsmobile,Bravada,2002,Maroon
1GKKRNED6CJ014690,Lexus,ES,1997,Aquamarine
WBAYP9C55FD155071,Mercury,Sable,1998,Khaki
5UXFG8C52DL365455,Oldsmobile,Silhouette,1999,Red
19UYA42673A372749,Plymouth,Colt,1992,Orange
1G6DL8EY1B0362513,Lexus,ES,2008,Goldenrod
JTHBK1GG7F2714585,Chevrolet,G-Series G30,1992,Blue
1FTSW2A58AE964523,Ford,Mustang,1970,Crimson
5N1BA0NDXFN583704,Buick,Roadmaster,1996,Violet
WAUPN44E77N353391,Subaru,Impreza,2011,Puce
2G4GV5EV8B9568227,Chevrolet,Colorado,2011,Red
1GYFK63838R364066,Audi,TT,2011,Goldenrod
1C6RD6KP6CS571890,Volvo,S60,2002,Pink
KMHHT6KJXFU589350,Acura,SLX,1999,Blue
WAUJC68E64A042667,BMW,X5,2012,Red
WAUDF68E45A360230,Nissan,Pathfinder,2012,Crimson
ZFBCFAAH6EZ773731,Volkswagen,Touareg,2005,Green
2T2BK1BA6EC389265,Pontiac,Grand Prix,1964,Aquamarine
3C63DPML9CG562453,Ford,F-Series,1991,Fuscia
3D73M3HL2BG060948,Volkswagen,Jetta,2004,Turquoise
3GYT4MEF7DG605019,Mercedes-Benz,C-Class,2005,Goldenrod
WBAVB33586P245229,Audi,A4,2009,Goldenrod
19UUA56993A554963,Pontiac,Grand Am,2005,Goldenrod
WAUWGAFCXDN737600,Ford,Contour,1997,Pink
JN8AZ2KR9BT000005,GMC,Envoy,1998,Indigo
WAUKFAFL7DA811354,Oldsmobile,Aurora,1995,Puce
JTDKDTB30E1917009,Saturn,S-Series,1996,Fuscia
1G6AJ1R36F0754505,Oldsmobile,98,1992,Pink
1FBSS3BL0AD228037,Toyota,RAV4,2002,Violet
3C6TD5GT3CG426996,Hummer,H2,2009,Maroon
1GYEC63N46R534592,Mazda,CX-7,2011,Purple
1FBNE3BLXDD135986,Pontiac,Grand Prix,1998,Orange
JN8AZ1MU7AW091820,Dodge,Neon,2001,Aquamarine
WBA3B1G52FN020967,GMC,3500,1997,Goldenrod
3C4PDCAB9FT283806,BMW,M3,2004,Purple
SAJWA4DC4EM196934,Jeep,Liberty,2009,Purple
WAULD64B13N691267,GMC,Yukon,2001,Khaki
2G4GU5GC6B9651198,Mazda,B-Series,1999,Green
WP0CB2A80FK797838,Plymouth,Grand Voyager,1993,Indigo
SCFFDAAM5EG258780,Chevrolet,Blazer,2000,Puce
1G6DF8EG1A0600650,Acura,Legend,1989,Maroon
4JGDF2EE8FA330807,Mazda,RX-7,1983,Indigo
5XYKT3A19DG559443,Mercedes-Benz,SL-Class,1999,Crimson
YV126MED3F1583686,Honda,Passport,1996,Orange
JTDBT4K34B1084707,Saturn,Relay,2005,Indigo
1C6RD7LP7CS811467,Mercury,Grand Marquis,1989,Turquoise
WBAET37415N720048,Nissan,Frontier,2012,Red
1FADP5BU2DL244110,Nissan,Rogue,2012,Puce
WAUJC58E53A319186,Mercedes-Benz,E-Class,2003,Violet
2C3CDXEJ0FH881187,Chevrolet,Express,2011,Indigo
WAUAF98E87A360769,Chevrolet,Express 1500,2012,Crimson
WA1WKBFP0CA046344,Jeep,Grand Cherokee,1997,Purple
SCBZK22E02C065750,Mercedes-Benz,SLK-Class,2011,Blue
YV440MDB4F2722649,Honda,Crosstour,2012,Orange
WAU3VAFR8AA542790,Subaru,Outback,2007,Green
JTDKTUD34ED814437,Ford,Mustang,2002,Aquamarine
WAUYP54B11N244278,Toyota,Camry Hybrid,2010,Maroon
1FTKR1AD1AP584517,Nissan,Frontier,2009,Turquoise
JN1CV6AP2BM270553,GMC,Sierra,2010,Purple
2HNYD18916H953251,Mercedes-Benz,500SEL,1993,Crimson
2HNYB1H20AH086166,Nissan,Sentra,2001,Purple
5NPDH4AE6DH191380,Toyota,Sequoia,2007,Khaki
WDDHF8JB8DA265254,Plymouth,Fury,1964,Purple
2C3CDXHG3CH982171,Acura,RL,2004,Purple
WAUPL58E04A071781,Lexus,LS,2008,Indigo
WAUKF78E97A670048,Kia,Rondo,2008,Khaki
WBAKB8C5XAC564406,Chevrolet,Lumina,2001,Puce
1GTG5AE35F1077989,Toyota,Paseo,1995,Aquamarine
1GD11XEG5FF244986,Mercedes-Benz,300SE,1992,Maroon
1FTWX3D5XAE883989,Jeep,Wrangler,2009,Green
1N4AB7AP6EN178367,Toyota,RAV4,2000,Aquamarine
KMHHT6KD2AU222770,Oldsmobile,Cutlass Cruiser,1993,Blue
1G6D05EG8A0754689,Lincoln,Town Car,2009,Aquamarine
WBAYP1C57FD740011,Isuzu,Ascender,2004,Turquoise
WBANV9C55AC571435,Mercedes-Benz,E-Class,1996,Pink
3GTU1YEJXBG802052,Suzuki,Verona,2005,Goldenrod
TRUUT28N831839306,Mercury,Montego,2005,Aquamarine
1GYFC16229R300495,Ford,Escort,1996,Turquoise
WBAWV13548P496056,Land Rover,LR2,2010,Pink
1B3CB8HB3AD927002,Pontiac,Bonneville,1987,Goldenrod
2T1BURHE9EC562266,Lotus,Exige,2009,Red
KMHHT6KD9AU791311,Volkswagen,Eurovan,1992,Orange
WBAVC73518A944437,Ford,Bronco,1992,Mauv
JA32U1FU4AU343402,BMW,Z3,1999,Puce
3D7TT2HT2BG177815,Toyota,Solara,2000,Green
WBALM735X9E698566,Lamborghini,Murciélago,2006,Crimson
KNADM4A30E6177817,BMW,X3,2005,Goldenrod
5NPDH4AE7EH144280,Mitsubishi,Raider,2008,Purple
JN1CV6FE6AM515389,GMC,Yukon,1995,Yellow
3C6JD7APXCG288209,Chevrolet,Express 2500,2012,Blue
WAUPEBFM1DA571192,Toyota,Echo,2001,Red
KMHHT6KD0BU200669,Pontiac,Bonneville,1968,Aquamarine
1FTMF1CW6AF656690,Mercedes-Benz,M-Class,1998,Pink
WA1DGBFE0FD476031,Subaru,Legacy,2009,Khaki
KMHCM3AC3BU358311,Chevrolet,Corsica,1992,Blue
WBAPK5C53BA473432,Chevrolet,Sportvan G20,1993,Teal
1G6AR5SXXE0285317,Jaguar,XJ Series,2003,Puce
3D7TT2HT8AG341535,Volkswagen,Cabriolet,1989,Indigo
1FTSW2B58AE872391,BMW,M6,2010,Yellow
19XFB2E54EE863161,Chevrolet,Express 3500,2007,Crimson
5N1BA0ND5FN722606,Mitsubishi,Pajero,1999,Red
WBADX7C51CE017018,Dodge,Ram Van 3500,1995,Crimson
1C3ADEAZ6DV689199,Mazda,Mazda3,2006,Violet
5UXFG8C51AL499630,Mercury,Tracer,1988,Indigo
WBAVB73548P252480,Pontiac,Firebird,2001,Red
WA1FFCFS5FR411198,Audi,A8,2000,Orange
1FTSW3A50AE453958,Ford,Escape,2006,Purple
WA1MMBFE5AD931926,Chrysler,Concorde,2003,Turquoise
5YMGZ0C58D0771640,Saturn,VUE,2003,Orange
WBADS43492G559331,Ford,Escape,2009,Green
JN8AE2KP3C9736124,Ford,Thunderbird,1955,Teal
2C4RDGEG7FR116451,Mazda,MX-5,2010,Crimson
JTHBL1EF1A5141746,Ford,Windstar,1999,Goldenrod
3C4PDCDGXET586132,Cadillac,Allante,1992,Khaki
WA1LMBFE6BD212357,Mazda,626,1994,Pink
KM8JT3AB7DU399156,Maybach,57,2006,Maroon
3TMJU4GN8EM880581,Chevrolet,HHR,2006,Crimson
2D4RN4DE7AR041693,Land Rover,Discovery,2004,Red
3D7JV1EP2BG913056,Mitsubishi,Lancer,2008,Red
1FTSW2B5XAE387542,Chrysler,Town & Country,2008,Red
JTDKDTB35F1647471,Lincoln,Navigator,2008,Indigo
1G6AA5RA1D0425942,Nissan,Maxima,1996,Purple
WAUVT64B84N331023,Ford,Taurus,2011,Crimson
1ZVBP8AM4B5478820,Buick,Century,1997,Aquamarine
WAUEKBFB5AN837459,BMW,M5,2010,Purple
WAURGAFD9EN477844,BMW,8 Series,1997,Crimson
1G6DS5E35C0451587,Subaru,Legacy,1995,Khaki
1GYS4EEJ9CR242761,Ford,Escort,2002,Orange
1GT020CG8EF043900,Suzuki,Daewoo Magnus,2004,Orange
WP0CA2A82FK854981,Mercedes-Benz,G-Class,2002,Puce
WAUFFAFL7AN840388,Mazda,RX-8,2007,Green
WBSKG9C55DJ909439,Mazda,Tribute,2002,Maroon
KL4CJFSB5EB312512,Dodge,Grand Caravan,1994,Blue
WVWED7AJ1AW003952,Volkswagen,Jetta,2001,Purple
WBAFU7C55BC750393,Ford,F350,2009,Red
JM3KE2BE0D0462991,Infiniti,G,2011,Violet
YV1982BW2A1545703,Audi,A3,2010,Maroon
WAUBGAFB0BN281805,Ford,LTD Crown Victoria,1988,Aquamarine
5BZBF0AAXFN994747,Honda,Civic,1993,Orange
5N1AR1NB2AC118038,Nissan,Frontier,2009,Violet
1G6DF8E54C0816946,Cadillac,XLR,2005,Violet
JTHBL1EF4B5171325,Kia,Optima,2004,Yellow
WAUHFAFL3CN767919,Volvo,XC90,2008,Maroon
5GAKRDKD8DJ725241,Mazda,B-Series,1994,Fuscia
WBAPL5G57BN006417,Lamborghini,Diablo,1998,Goldenrod
1FMJK1JT1FE963572,Acura,NSX,2002,Green
5FRYD3H66FB794576,Oldsmobile,Intrigue,2002,Teal
WA1WMBFE4BD145853,Pontiac,LeMans,1964,Orange
1G6DP577670952530,Volkswagen,Passat,2009,Mauv
19VDE3F30EE220686,Suzuki,SJ,1990,Pink
1FMCU5K31AK531860,Ford,Explorer,2010,Red
19UUA9E58CA206612,Maybach,62,2006,Green
WUADUAFG8BN738458,Jaguar,XK,2009,Crimson
3D4PH6FG6BT788452,Mercury,Grand Marquis,1990,Mauv
5UXFA13545L003220,Pontiac,Bonneville,2000,Indigo
5GAKVCKD5DJ118039,Mitsubishi,Tundra,2009,Yellow
1C6RD6FP9CS533001,Lexus,RX,2013,Aquamarine
JH4CW2H6XEC180494,Chevrolet,Express 2500,2010,Mauv
4A31K5DF0CE473167,Pontiac,Firebird,1992,Blue
SCFAB05D29G030598,Oldsmobile,Intrigue,1999,Khaki
JTJBM7FXXE5491016,Saturn,Ion,2006,Teal
1GTN2TEHXFZ833731,Audi,A3,2009,Khaki
1D7RW2BK2AS823010,Audi,A4,1999,Goldenrod
1N4AB7AP7EN933087,Porsche,928,1987,Fuscia
JN1CV6AP7BM564160,Chevrolet,Avalanche,2008,Pink
1GD020CG3BF408829,Hyundai,Tiburon,1999,Crimson
WAUSF78K59N742008,Mercedes-Benz,E-Class,2003,Orange
1N6AD0CU3BC189393,Maserati,Gran Sport,2006,Violet
WAUUL78E47A290486,Hyundai,XG350,2005,Turquoise
1FT7W2A60EE184102,Volkswagen,Passat,2001,Fuscia
1GYFK66828R150181,Hyundai,Accent,2009,Teal
1G4PP5SK4F4798442,Pontiac,Grand Prix,2006,Orange
4T1BF1FK9CU950646,Acura,NSX,2002,Red
5XXGM4A74FG073448,Mercury,Topaz,1991,Indigo
WAUMFAFR4FA361503,Mitsubishi,Galant,1992,Red
WAUEG78EX6A842905,Mitsubishi,Montero Sport,1999,Khaki
3C6TD5GT9CG816226,Eagle,Vision,1995,Puce
2HNYD18214H436984,Honda,Civic,1980,Pink
WAUML64B53N978845,MINI,Cooper Clubman,2010,Orange
WDDEJ7KB7AA907758,Toyota,Camry Solara,2008,Khaki
19UUA766X7A969619,Mercury,Marquis,1986,Red
SAJWA2EK0EM286897,Hyundai,Accent,1999,Purple
WAUWFAFL1BA973463,GMC,Sierra 2500,2002,Turquoise
3N1CN7AP4EL365538,Ford,Expedition,2006,Fuscia
2G61R5S36F9118523,Mercedes-Benz,SLK-Class,2008,Fuscia
SCBZK25E33C371161,Mitsubishi,Pajero,2003,Yellow
KMHHT6KD2AU725974,Oldsmobile,88,1992,Fuscia
WBAEB53588C693931,Toyota,T100,1997,Mauv
5FRYD3H69FB193064,Mitsubishi,Eclipse,1992,Puce
WAULT68E02A783760,Chevrolet,3500,1996,Indigo
1GYS4KEF4DR964120,Lincoln,MKT,2012,Red
WA1C8AFP2EA393124,Land Rover,Discovery Series II,2002,Purple
1GYS3FEJ3DR707643,Hyundai,Accent,2005,Crimson
SCBDC47L08C427353,GMC,Envoy,2004,Red
1GYS4DEF7ER320897,Ford,Fiesta,2011,Green
4T1BF3EK9BU221655,Isuzu,Rodeo,1998,Turquoise
WAUMFAFR9FA908250,Chrysler,Town & Country,2009,Maroon
KMHCT4AEXCU304631,Bentley,Continental,2009,Puce
TRUWC28N921745197,Buick,Skylark,1997,Mauv
1GD322CG0EF139816,Honda,Civic,2010,Turquoise
2FMGK5BC9AB137847,Maybach,57,2003,Yellow
JN8AZ2NE9F9303247,Mitsubishi,Truck,1987,Purple
1N6AD0CW2EN948092,Lincoln,Town Car,1991,Teal
2G4WC552761498831,Volkswagen,Vanagon,1984,Goldenrod
WAUKH98EX6A178553,Toyota,Highlander,2002,Violet
3D4PG9FV3AT335312,Land Rover,Range Rover Sport,2010,Yellow
KNADM5A33D6644006,GMC,Sonoma Club,1992,Orange
JTHBB1BA7C2031512,Mazda,CX-9,2011,Orange
1C3CDWBA7CD665764,Dodge,Caliber,2009,Aquamarine
JN8BS1MW7EM755397,BMW,Z8,2000,Blue
JH4CL96947C119711,Toyota,Previa,1997,Teal
SALCP2BGXFH239573,Mercedes-Benz,SLK-Class,2001,Crimson
JTDKN3DP1D3755472,Geo,Metro,1996,Aquamarine
TRUDD38J181060837,Saturn,L-Series,2002,Pink
19UYA42532A206721,Hyundai,Elantra,2010,Blue
JTDKTUD37ED270290,Oldsmobile,Silhouette,1999,Pink
5J8TB18298A417658,Ford,E350,2007,Maroon
1GYUKDEF4AR905798,Saturn,Outlook,2010,Indigo
WBA5A7C58FG626332,Renault,Alliance,1983,Fuscia
JH4DB76691S323483,Mazda,MPV,2000,Fuscia
YV4902DZ2B2978662,Chevrolet,Avalanche 1500,2006,Puce
WBAPH77509N522206,Bentley,Continental GTC,2010,Khaki
3C6LD5BT4CG056228,Pontiac,GTO,2006,Violet
SCBZB25E02C166704,Lexus,RX,2004,Turquoise
JH4CU2F49DC653369,Mazda,B-Series Plus,1999,Green
1GYS3CKJ7FR815091,Volkswagen,Scirocco,1984,Green
5N1AA0NC8FN881459,Oldsmobile,98,1995,Violet
1C3CDZAB5DN167747,Volvo,940,1992,Indigo
1G6AB5R35E0078860,Nissan,Pathfinder,1996,Turquoise
5TDBK3EH6BS416010,Chevrolet,Traverse,2011,Green
5N1AR2MM6DC373708,Toyota,MR2,2003,Indigo
3GTU2YEJ9CG668102,Mazda,MX-5,1991,Green
WAULT68EX3A871183,Nissan,Xterra,2006,Khaki
1D7CW5GK7AS564644,Volvo,S40,2000,Mauv
3VWPG3AG1AM736920,Dodge,D350 Club,1993,Aquamarine
2HNYD28527H105867,Volkswagen,Jetta III,1993,Maroon
WAUSF98K19N761649,Pontiac,Grand Prix,1994,Aquamarine
1N6AA0CC0AN845889,Chevrolet,Malibu,2006,Fuscia
WBAPT7C50AC635528,Infiniti,G,1999,Red
4A31K3DT4AE507098,Subaru,SVX,1993,Khaki
WAUYGAFC4DN173399,BMW,745,2002,Puce
5GADV33W17D304723,Volkswagen,New Beetle,2004,Maroon
WAUGGAFR1EA314230,Nissan,Murano,2011,Teal
19UUA9F28CA191954,Land Rover,Range Rover,2009,Mauv
WBAKE5C56BE338276,Acura,TL,2000,Aquamarine
3C6JD6CT7CG340089,Dodge,Stratus,1999,Blue
WAUAH74F06N360835,Suzuki,Verona,2005,Violet
5N1AT2MK1EC338513,Cadillac,DeVille,1999,Green
1G6D05EG9A0160127,Audi,Q7,2010,Yellow
JM1DE1KY7C0895664,Mitsubishi,Galant,2002,Crimson
JM3TB2MA2A0592449,Rolls-Royce,Ghost,2010,Crimson
1FMJK1G59BE375938,Toyota,Land Cruiser,2001,Crimson
3C3CFFDR1FT038747,Jaguar,XJ Series,2000,Puce
5XYKT3A15BG294999,Suzuki,Daewoo Lacetti,2005,Teal
WDDHF7GB9EA517077,Chevrolet,Silverado 2500,2007,Khaki
1FAHP2D83DG577697,Volkswagen,Jetta,1986,Khaki
SCFEBBBK7EG945604,BMW,7 Series,2006,Violet
1FTFW1E84AK909214,Jeep,Wrangler,2009,Crimson
KMHTC6AD6CU432576,Audi,V8,1994,Yellow
1G6AC5SX2F0876146,Land Rover,Range Rover,2007,Blue
1GYS4CEF4ER358386,Chevrolet,Express 2500,2008,Violet
1D4PT7GX4AW422338,Suzuki,SX4,2010,Indigo
2B3CA8CT1AH021579,Mitsubishi,Eclipse,1995,Yellow
1FTEW1E87AK912426,Nissan,NV2500,2012,Mauv
WAUKFBFL1CN494605,BMW,Z4,2003,Yellow
WAUSH98E57A730980,Kia,Spectra,2000,Aquamarine
YV1612FH9D2015102,Pontiac,Sunbird,1987,Goldenrod
WBAUN7C59CV654065,Mercury,Cougar,1992,Puce
5FPYK1F29BB729833,Jeep,Cherokee,1998,Green
SCBDR33W29C502435,Ford,Aspire,1995,Puce
WBA3A9C59EF130852,Toyota,Tacoma,2005,Yellow
WAUVC58E83A999165,Dodge,Avenger,1999,Goldenrod
WBA3B1G54FN339304,Chrysler,Sebring,1996,Khaki
WAUVT54B14N429806,Toyota,T100 Xtra,1997,Crimson
2HNYD18996H002456,Mercedes-Benz,SL-Class,2001,Goldenrod
JN1AZ4EH9EM240912,Kia,Optima,2003,Maroon
1FTMF1CW0AF731268,BMW,M5,2000,Green
WAUEFBFL4EA741722,Audi,TT,2009,Red
WDDHF5GB9AA882048,Isuzu,Space,1992,Blue
1G6AA5RA3F0825763,Toyota,TundraMax,2010,Violet
1D7RW3BK8AS523798,Lexus,LX,2005,Goldenrod
5NPEB4AC3BH814861,Panoz,Esperante,2008,Green
WBSBL93491J850281,Suzuki,SJ,1989,Fuscia
3D7TT2CT3BG291748,Chevrolet,Suburban 1500,1994,Blue
JTJBC1BA1B2419670,Land Rover,LR3,2007,Crimson
3D7TT2HT9BG415014,Volkswagen,Golf,1991,Red
19UUA66265A574664,Suzuki,Grand Vitara,2012,Mauv
3GYEK62N35G416293,GMC,Jimmy,1994,Green
WAUAFAFL5DA036984,Jaguar,XJ Series,1994,Khaki
1G6AL5S39E0761717,GMC,Acadia,2007,Maroon
WBABV13416J023012,Chrysler,New Yorker,1994,Goldenrod
WBALZ3C56CC266666,Buick,Century,1998,Purple
WAUJC68E72A374811,Saab,9000,1993,Indigo
3N6CM0KN1FK014577,Cadillac,CTS,2012,Red
WP0CB2A89CS299827,Buick,Century,2000,Yellow
WA1WMAFP8EA608370,Mitsubishi,Mighty Max,1986,Green
3N1AB6AP2CL123807,Dodge,Avenger,1998,Indigo
ZFF75VFA5F0678413,Volvo,940,1992,Fuscia
WBA1J9C5XFV806532,Mitsubishi,Eclipse,1998,Khaki
4T3BA3BB3CU518433,Infiniti,G,1992,Puce
2G61T5S3XF9946866,Toyota,Tundra,2010,Indigo
1B3BD1FB7BN119022,Ford,E150,2003,Orange
JN1AJ0HPXBM617729,Audi,V8,1991,Maroon
KMHHT6KDXAU151320,Cadillac,Seville,1994,Yellow
WBAVC73537K611259,Kia,Sportage,2008,Puce
JTDZN3EU8E3265213,Audi,A4,2012,Pink
JTHBF1D21F5847936,Volkswagen,Golf,1983,Violet
JH4DC53085S780681,Maserati,Coupe,2005,Purple
WAUVFAFH9DN774759,Pontiac,Grand Prix,1970,Teal
WP0CA2A87ES610127,Mitsubishi,3000GT,1997,Yellow
WAUVFAFHXAN268269,Subaru,Legacy,2006,Yellow
JM3TB2MA3A0486933,Dodge,Charger,2009,Goldenrod
1G6KH5EY8AU412662,Lexus,GX,2007,Orange
3D4PG3FG1BT342727,Toyota,Venza,2011,Red
1G4HR54K724798490,Mitsubishi,Eclipse,2009,Teal
5UXWX5C54BL390272,Chrysler,300M,2004,Aquamarine
WBABW33405P901680,Mitsubishi,Eclipse,1989,Mauv
WBA6B2C50FD552653,Toyota,Land Cruiser,2008,Teal
1D7RB1GT9AS759409,Honda,Civic,1995,Green
3N1AB7AP2FY873253,Lincoln,Aviator,2004,Puce
1GYUKEEJ3AR520761,Toyota,Sienna,2007,Maroon
1YVHZ8BH2B5078550,Mazda,RX-7,1992,Red
5TDDCRFH6ES026133,Ford,Laser,1985,Goldenrod
WBAPH7C57AA478027,Chevrolet,Suburban 2500,1997,Teal
1GT010CG5CF886727,Ford,Fiesta,2012,Purple
1GT022CG8EF340273,Maybach,57,2005,Indigo
WA1CV74L69D352771,Buick,Century,2004,Aquamarine
2T2BK1BAXCC175960,Cadillac,SRX,2007,Crimson
WBA3D5C53EF178184,Volkswagen,Corrado,1994,Violet
1G6DM8EG6A0317764,Mercedes-Benz,W201,1991,Yellow
JTDJTUD38ED321162,Toyota,Celica,1994,Indigo
WBAUP3C54BV399228,Hyundai,Genesis,2012,Violet
5N1AR1NB4CC130713,Subaru,Outback,2008,Purple
3N1CE2CPXFL088962,Pontiac,LeMans,1966,Goldenrod
5BZAF0AA2FN831585,Chrysler,PT Cruiser,2008,Aquamarine
SCBFR7ZA9CC457707,Rolls-Royce,Phantom,2013,Turquoise
2C3CCAPG8DH596283,Lexus,SC,2000,Aquamarine
19UUA8F55CA547913,Oldsmobile,Toronado,1992,Violet
3D73M3HL0AG822155,Ford,Escort,2002,Puce
1G6DM5EY1B0529657,Ford,E350,2008,Green
YV1672MS3B2932594,Ford,Taurus,2001,Orange
JN1CV6AP6CM257502,Honda,Accord,2001,Purple
1G4GC5EG3AF422489,Dodge,Grand Caravan,1995,Aquamarine
YV4902BZ0D1779525,Ford,Aerostar,1995,Turquoise
WAUDN74F28N257800,Buick,Skylark,1994,Fuscia
4T1BF1FK0FU247683,Mercedes-Benz,400E,1992,Crimson
WBAEJ13451A988831,Mazda,Mazdaspeed6,2007,Blue
19UUA56611A668653,Lincoln,Continental Mark VII,1987,Maroon
WBABN53423P834107,Bentley,Continental GT,2007,Blue
5BZBF0AA2EN282070,Kia,Rondo,2008,Red
1G6KP5ES7BU447791,Aston Martin,V8 Vantage,2012,Orange
3VWJP7ATXCM804015,Ford,Explorer Sport Trac,2002,Turquoise
1YVHZ8BH2C5789361,Pontiac,1000,1984,Turquoise
JHMFA3F29BS392709,Mazda,MX-5,2010,Maroon
1LNHL9DK8EG391208,Suzuki,SJ,1993,Purple
4T1BK3DB4CU161590,Honda,CR-V,2006,Fuscia
WAUDH48H99K110927,GMC,Suburban 2500,1992,Goldenrod
2FMDK3AK4BB393993,Audi,A3,2011,Maroon
WBA3V5C56EP285219,Volvo,S70,2000,Purple
2T2BK1BA7FC982540,Chevrolet,Corsica,1996,Fuscia
5N1AR1NB2CC022087,GMC,Yukon,2002,Teal
JN8AS5MT6AW129590,Honda,Civic,2004,Khaki
SAJWA6BC8F8054191,Chevrolet,Suburban 1500,1995,Yellow
2C4RDGEG2FR621748,Mercedes-Benz,CLK-Class,2000,Red
SAJWA4DC0DM851783,Lincoln,MKX,2009,Turquoise
3GYFK22299G848069,Pontiac,Grand Am,1999,Red
2G4WD532651435234,Buick,Electra,1988,Green
WAUAFAFL0BN942918,Lexus,ES,2005,Indigo
WBAPH5G52BN166206,Mazda,MX-6,1992,Purple
1D4PU5GK4BW465312,BMW,7 Series,1993,Maroon
1G6KF57983U103711,Chevrolet,Express 2500,2003,Green
1GYS4HKJ9FR697572,Acura,Integra,1998,Maroon
JN1BY1AR5EM694790,Ford,Club Wagon,1998,Goldenrod
1G6DP5E36D0168053,Porsche,944,1990,Maroon
SALWR2TF4FA992425,Mazda,Mazdaspeed6,2006,Violet
1N4AL3AP2DC616494,Honda,Insight,2006,Indigo
1G6DN8EV0A0402935,Kia,Sportage,2011,Violet
JH4KB16387C734984,Porsche,928,1987,Yellow
19XFB2E23CE740454,Saab,9-3,2010,Fuscia
1N6AF0LX8FN692738,Chevrolet,Equinox,2007,Red
JM1NC2SF0F0906460,Mitsubishi,Mirage,1994,Puce
1D7RW3GK3AS124807,Dodge,Intrepid,2000,Teal
JN1BJ0HP5EM307447,Volvo,S40,2004,Teal
WAUEF78E87A726591,Cadillac,Escalade ESV,2003,Goldenrod
WAUCH74FX9N229425,BMW,Z4 M,2009,Aquamarine
1FTWW3B52AE797209,Mitsubishi,Truck,1988,Orange
WAUEH74F66N206955,Audi,TT,2011,Blue
JN1CV6AP5CM304776,Audi,S4,2004,Red
SALVP1BG7FH437448,Chrysler,PT Cruiser,2008,Maroon
WBADX7C5XDE371587,Suzuki,X-90,1997,Blue
JTEBU5JRXF5208644,Mercedes-Benz,SLK-Class,2010,Mauv
WAUVC58E04A415973,Infiniti,QX,2006,Green
WBAGN63482D863672,Pontiac,GTO,1965,Red
4T1BF1FKXEU252274,Panoz,Esperante,2008,Yellow
5GADV23L26D296890,Saturn,VUE,2004,Red
WUARL48H67K538641,Chrysler,300,2006,Puce
3FADP0L31CR832332,Nissan,Titan,2008,Mauv
5J8TB4H52EL653323,Lexus,RX,2001,Crimson
5J8TB4H5XEL834248,Oldsmobile,Cutlass,1999,Pink
3GYFK66N35G820130,Buick,Electra,1989,Green
1N4AA5AP9EC349535,Oldsmobile,Cutlass,1998,Crimson
3VW467AT8CM880042,Volvo,C30,2011,Crimson
WA1LYAFE5AD230023,Corbin,Sparrow,2004,Blue
ZFBCFADH8FZ055238,Hyundai,Elantra,1997,Puce
1G4PN5SK3C4576606,Ford,Escort,2004,Yellow
JN8AS5MT1BW517246,Nissan,Frontier,2011,Purple
4T1BF1FK4EU328829,Honda,Accord,2006,Indigo
1FMCU4K38AK970967,Dodge,Ram 3500 Club,1997,Puce
WBSDX9C55BE886243,Mitsubishi,Starion,1988,Teal
VNKJTUD35FA886060,Chrysler,Prowler,2002,Violet
5GADV23117D175669,Ford,F150,1994,Fuscia
JTEBU5JR8B5393965,Mitsubishi,Truck,1996,Aquamarine
SCBCC41NX9C611769,Isuzu,Rodeo,1993,Indigo
1GYFC66848R018861,Ford,Focus,2006,Pink
WA1LFAFP4DA108220,Pontiac,Sunbird,1986,Aquamarine
WAUAH74F36N411518,Acura,RL,2009,Turquoise
1GD01ZEG7BF883999,Toyota,Corolla,1996,Aquamarine
JN8AZ1FYXEW784760,Chevrolet,Blazer,2003,Blue
JN8AZ1MU8AW521936,Ford,E-Series,1990,Teal
5N1AT2MK0EC993696,Chevrolet,Sportvan G10,1993,Orange
WAUMFAFL8DN375518,Ford,F250,1999,Indigo
1FTEW1E80AK796583,Chevrolet,Silverado 3500,2005,Turquoise
WAUEF78E58A032703,Jeep,Patriot,2008,Yellow
WDDNG9FB4CA429399,Lexus,RX,2003,Turquoise
3C4PDCGBXFT113333,Kia,Sedona,2006,Indigo
SCFAD01A45G504678,Dodge,Omni,1978,Crimson
WBA3B5C5XEP087817,Audi,S4,2001,Goldenrod
5UXZV4C5XBL513456,Kia,Rio,2003,Blue
JTHBC1KS1B5911432,Chevrolet,Camaro,1970,Blue
WAUVFAFH1AN047028,Ford,Mustang,1974,Violet
JTEBU5JR2D5916979,Ford,Escape,2005,Crimson
JM1NC2PFXE0918137,Hyundai,Santa Fe,2009,Puce
WAUHFAFL1EN944602,Hyundai,Elantra,2010,Red
5NPET4AC9AH460954,Pontiac,Sunfire,1999,Goldenrod
5TDBK3EH0CS947351,Lincoln,Navigator L,2012,Violet
TRUSX28N311686035,Mazda,Protege,1994,Fuscia
5GAKVCKD5DJ352200,Volkswagen,Touareg,2008,Violet
WAUEFAFL6FA913891,Mercury,Grand Marquis,1994,Fuscia
WAUUL78E45A746192,Mitsubishi,3000GT,1995,Teal
1YVHZ8BH5B5203363,Mercury,Montego,2006,Pink
1C3CDZAB0DN313939,Audi,80,1991,Red
SCBZK22E92C957348,Infiniti,QX,2006,Aquamarine
3VW467AT5CM007395,Saab,9-3,2002,Indigo
3C63DRHL6CG223820,Toyota,TundraMax,2007,Purple
1D7RW2GK6AS594033,Mercedes-Benz,CLS-Class,2011,Yellow
2C3CK6CT9AH070758,Eagle,Talon,1998,Orange
JH4KC1F39EC882376,Mercedes-Benz,SL-Class,1999,Pink
3D7TP2HT1AG195838,Dodge,Dakota,2007,Turquoise
5N1AA0NC9CN062231,Buick,Regal,1986,Blue
1GD21ZCG3CZ715319,Chevrolet,Cavalier,2003,Blue
WBAYE0C56ED742136,Cadillac,Eldorado,1996,Teal
1B3CB1HA3AD184324,GMC,Sierra 3500HD,2006,Orange
1FMJK1H59DE795880,Honda,S2000,2005,Turquoise
5GALVBED3AJ802609,Ford,Explorer,2002,Crimson
3C3CFFBR0ET532891,BMW,X5,2009,Fuscia
2G4GU5GV4C9296731,Chevrolet,Impala,2001,Goldenrod
WBANU5C5XAC433885,BMW,1 Series,2011,Teal
WBANA535X5B055393,Volkswagen,Passat,1988,Orange
3VW1K7AJ9BM007668,Chrysler,Town & Country,1995,Goldenrod
WAUMFAFH0FN193097,Chevrolet,Citation,1980,Orange
WDDPK4HA1FF070230,Ford,Expedition,1998,Red
3D73M3HL9BG887734,Mercedes-Benz,600SL,1993,Turquoise
1G6DM8EG0A0805575,Volvo,S80,2003,Teal
1N4AB7AP6DN642840,Scion,xD,2009,Maroon
1FMJU1F52AE405484,Chevrolet,Silverado 2500,2005,Orange
4T3BA3BB2BU215917,Volkswagen,Corrado,1992,Khaki
JN1CV6EK7FM825114,Lexus,RX,2010,Mauv
WA1EFCFS5FR712954,Ferrari,458 Italia,2011,Purple
WA1LMAFE2BD077629,Mazda,B-Series Plus,1998,Red
WAUSF98K29A560415,Saab,9-3,2007,Purple
1G4GH5E33CF427600,Lincoln,Mark LT,2006,Aquamarine
1D4PT4GK4AW099654,Kia,Sorento,2012,Maroon
WAULF98K99N739080,GMC,Sierra 1500,2008,Indigo
SCBZK25E21C115851,Pontiac,LeMans,1988,Maroon
JN8AS5MT8AW245924,Mazda,MX-3,1995,Red
JTDBT4K3XC1202373,Mercury,Grand Marquis,2011,Teal
WAUBGAFC0CN265582,Hyundai,Accent,2007,Indigo
SCBZU25EX1C100038,Mercury,Cougar,1994,Yellow
1G6KD54YX4U811459,Chevrolet,2500,1995,Fuscia
1VWAH7A39DC979727,Cadillac,CTS,2010,Green
JTDKTUD36ED924857,Suzuki,SJ,1991,Fuscia
5FRYD4H49GB541239,BMW,Z4,2009,Red
WA1LKAFP2AA394107,Lincoln,Continental,1992,Mauv
4T1BF1FK5CU987435,Chevrolet,Blazer,2001,Maroon
1FMJK1F53DE473299,Mitsubishi,Cordia,1984,Mauv
3D4PH6FV0AT513740,Ford,EXP,1986,Purple
WA1VFBFL0DA392165,Dodge,Ram 1500,2002,Khaki
WBAEB5C52AC822395,BMW,5 Series,2010,Yellow
JTHBL1EF0E5641662,Lotus,Esprit,1992,Purple
JM1GJ1T57E1999257,Mercedes-Benz,CLS-Class,2008,Red
WAUKF98E28A760378,Subaru,XT,1989,Purple
WBAWV5C50AP964216,Cadillac,SRX,2011,Crimson
JN8AE2KP7E9291941,Mazda,Mazda5,2006,Red
5LMJJ2HT8FE804787,BMW,M5,2003,Orange
3VW4A7AT8CM260936,BMW,X3,2011,Red
1GYS4HEF7CR235675,Chevrolet,Lumina APV,1993,Teal
1G6KD57Y28U013314,Chevrolet,G-Series G30,1994,Teal
1G4PP5SK8F4001089,Ford,Probe,1997,Mauv
1FMCU9E75AK629375,Dodge,Ram Van 2500,2002,Violet
WA1DGBFE3FD991945,Subaru,SVX,1992,Goldenrod
3C63DRBL6CG708919,Toyota,Sienna,2001,Teal
2T1KE4EE6CC558189,Mitsubishi,Chariot,1995,Khaki
JN1AY1AR6DM147599,Porsche,928,1993,Turquoise
3D4PG6FV1AT460789,Pontiac,Bonneville,1968,Maroon
1N6AF0LY0EN229774,Oldsmobile,Intrigue,1999,Green
1GYS3HEF3BR591459,Mitsubishi,Montero,2000,Khaki
WBXPC93477W457746,Dodge,Dakota,1992,Mauv
WA1BY74L57D661647,Mitsubishi,Outlander,2003,Indigo
5TDDK3DC3CS554877,Ford,Bronco II,1986,Puce
KNAFU6A21B5610302,Buick,Century,1998,Purple
WAUDH48H89K032155,Hyundai,Accent,1996,Green
WBAKX6C54CC676854,Kia,Sorento,2006,Crimson
1G4HP54KX1U717311,Acura,RSX,2003,Turquoise
JN1AZ4EH4FM819078,Land Rover,LR2,2010,Green
1C3CDFDH9FD771924,Buick,Regal,1990,Orange
2G4GV5EV9B9304255,Mercury,Mystique,1997,Fuscia
1GD02ZCG6DF301040,Volkswagen,rio,1997,Mauv
WA1DGAFE5CD280253,Ford,Taurus,2004,Pink
5TDBY5G17BS183488,Audi,S4,2002,Crimson
1G4CU541434822956,Toyota,Celica,2003,Puce
3C6LD4AT1CG381933,Saturn,S-Series,1992,Mauv
19UUA65614A498726,Lexus,ES,2006,Khaki
WBA3R1C56EK066156,Ford,Explorer,1993,Fuscia
KMHTC6AD0CU995302,Volkswagen,Type 2,1986,Yellow
TRUWT28NX21284611,Acura,Vigor,1993,Fuscia
4T1BF1FK0EU319996,Buick,LeSabre,1987,Fuscia
2T1BPRHE1EC689228,Subaru,Outback,2001,Fuscia
TRURD38J281587162,Ford,Escort,1988,Teal
1GD02ZCGXDZ956655,Dodge,D150,1992,Violet
WBA3V7C56EJ315284,Dodge,Ram 3500,2006,Green
WVGAV3AX2EW664089,Toyota,MR2,1986,Crimson
1G4HP52K54U955770,Audi,TT,2008,Crimson
2C3CCAGG9DH385156,Nissan,Maxima,2009,Green
1G6AH5S31D0602836,Buick,Riviera,1985,Maroon
WAUSFAFL6CA298564,Ford,Explorer Sport Trac,2008,Orange
WBA3B5C55DP122780,GMC,Yukon XL 1500,2009,Turquoise
JM3TB2BA2F0845683,Volkswagen,Tiguan,2012,Khaki
WAU3GAFD5FN290804,Chevrolet,Equinox,2006,Khaki
NM0KS9AN8AT935149,Toyota,Tacoma,1998,Teal
3N1AB7AP2FY931989,Suzuki,Swift,1991,Indigo
JN8CS1MU4FM899557,Chrysler,Sebring,2000,Teal
WBA3C3C54DF293995,Pontiac,G5,2009,Khaki
JTDKTUD3XDD935679,Volkswagen,Jetta,1997,Teal
JA32U1FU6DU754756,Saab,9-3,2001,Maroon
5N1AL0MM5FC353393,Chevrolet,Silverado,2003,Teal
2C3CCASG9DH362743,Suzuki,Grand Vitara,2012,Indigo
WVGEF9BP7FD742783,GMC,Sonoma,2003,Fuscia
TRUDD38J181270161,Chrysler,Town & Country,2003,Blue
YV126MFJ4F1348928,Chrysler,300,2009,Aquamarine
KMHDB8AE5AU817068,Kia,Sedona,2011,Crimson
1N6BF0KM4FN034510,Suzuki,Verona,2006,Turquoise
4JGDA2EB5EA102654,Lincoln,Town Car,2006,Aquamarine
KNADH5A35B6307452,GMC,Savana 3500,2004,Goldenrod
3GYEK62N35G855302,Porsche,Boxster,1997,Green
5FRYD4H65GB325289,Mitsubishi,Endeavor,2008,Blue
1GYS4CKJ1FR046214,Chevrolet,Impala,1994,Puce
JM3TB2BA7C0559274,BMW,7 Series,2012,Goldenrod
5N1AR2MM3FC805349,Honda,Civic,2000,Indigo
5GAEV23738J101813,GMC,1500,1996,Khaki
WBA3R1C51FK154128,Dodge,Grand Caravan,2002,Goldenrod
3C6JR6CT8DG206694,Mazda,Protege5,2002,Khaki
KNADH4A32A6996844,Chevrolet,Blazer,1998,Red
WAUAFAFLXFA203567,Hyundai,Santa Fe,2012,Pink
KMHDB8AE4CU373507,Jeep,Grand Cherokee,1994,Khaki
KM8JT3AC2AU094541,Maserati,GranTurismo,2012,Red
JN8AZ1MU6EW557565,Lexus,LS,1995,Pink
JH4KC1F37EC948634,GMC,Sierra 3500,2008,Crimson
5TDBW5G16DS083956,Buick,Century,1991,Green
JN1AZ4EH2EM750034,Toyota,Celica,1976,Mauv
YV1672MK0C2983679,Lexus,LX,2010,Maroon
WAULC68E15A259439,Lexus,RX,2011,Mauv
5TFAW5F15EX587018,Chevrolet,Express 3500,2001,Violet
1GTN1TEH6EZ134940,Ford,Five Hundred,2005,Aquamarine
1D7RV1CT2BS727609,BMW,8 Series,1995,Purple
1C4SDJCT8DC771903,Honda,Accord,1998,Crimson
WBANV13518C086916,Jeep,Patriot,2008,Blue
5BZAF0AA0EN970466,Isuzu,Hombre,1996,Mauv
3GYEK62N95G478555,Subaru,Justy,1993,Pink
WBA3B5C54FF506073,Ford,Freestar,2004,Goldenrod
3N1CE2CP2FL675365,Volkswagen,New Beetle,2008,Orange
WAULFAFR6AA245319,Ford,Focus,2001,Purple
SCFFDCBD0AG533850,GMC,Yukon,1993,Pink
WA1DGAFE2CD616487,Mercedes-Benz,Sprinter,2011,Green
5GAKRDKD5DJ527006,Mazda,CX-9,2008,Goldenrod
SALAB2V60FA976069,Honda,Element,2003,Red
JN1CV6AP8AM882612,Chevrolet,Impala,1996,Red
JN8AE2KP3C9867490,Pontiac,Trans Sport,1991,Teal
WA1YD64B52N747986,Mitsubishi,Outlander,2009,Fuscia
3C6JD6DT0CG387365,Saturn,Astra,2008,Crimson
2G4GT5GCXB9580641,BMW,8 Series,1993,Purple
2G4WC562151626574,Mercury,Tracer,1997,Fuscia
WAUSH78E27A317838,Hyundai,Elantra,2004,Violet
SCFFDABE9CG887754,Chrysler,Town & Country,1993,Pink
1GD120EG2BF096357,Honda,CR-Z,2012,Aquamarine
1GYS3BEF8ER432485,Hyundai,Entourage,2009,Mauv
JN1AZ4EH8CM243975,Studebaker,Avanti,1962,Khaki
5FRYD4H62FB498623,Acura,RDX,2009,Indigo
YV4952CF2C1458428,GMC,Savana 3500,2000,Pink
WAUVT68E55A167730,Land Rover,Range Rover Sport,2009,Turquoise
3D73M4CL7AG535165,Infiniti,G,2002,Indigo
4JGDA2EB8DA446736,Porsche,Panamera,2010,Puce
4USCK73402L229501,Chevrolet,Aveo,2004,Mauv
YV4960BZ2A1311374,Volkswagen,Cabriolet,2001,Blue
5TDBK3EH9DS010791,Mitsubishi,Lancer,2002,Turquoise
1GKS1HE07BR008144,Isuzu,Rodeo,2003,Purple
1FTWF3D56AE059748,Mazda,MX-5,2001,Teal
WAULC68E95A851865,Jeep,Wrangler,2011,Indigo
1G6YX36D985037317,Plymouth,Grand Voyager,1993,Purple
1G6AK5SX7E0994985,BMW,7 Series,2010,Fuscia
WDDGF4HB3DA699673,Saturn,VUE,2004,Indigo
JTHBE1BL0E5583640,Suzuki,Grand Vitara,2004,Maroon
4T1BK3DB3AU694091,Ford,Focus,2011,Yellow
JN1CV6EK0FM589616,Suzuki,Samurai,1995,Teal
2HNYB1H27AH867699,Chevrolet,Blazer,2005,Teal
KMHHT6KDXDU770360,BMW,X3,2010,Aquamarine
WAUHF68PX6A277793,BMW,M5,2001,Blue
WAUJT58E73A831354,Kia,Rio,2013,Goldenrod
SCBDP3ZA3AC074686,Buick,Century,2003,Teal
JTEBU4BFXAK377989,Audi,A4,1998,Mauv
JN8AF5MRXDT425372,Cadillac,Fleetwood,1994,Goldenrod
WAULT54B62N678977,Chevrolet,Malibu,2001,Fuscia
19XFA1F36AE943193,Jaguar,XJ Series,1997,Pink
WA1VFAFL9DA103102,Infiniti,I,2002,Violet
WA1DGAFE7ED473734,Lincoln,MKT,2012,Blue
3D7JV1EP9BG834628,Mazda,626,2000,Crimson
WVGFG9BP2CD536235,Pontiac,Firebird,1985,Turquoise
WAUVC68E45A725793,Chevrolet,Cobalt,2006,Green
WBA3B3C5XDJ024030,Toyota,Corolla,2007,Aquamarine
WAUDK78T99A079742,Maserati,Spyder,2005,Orange
WAURVAFD5BN329059,Acura,TL,2012,Purple
1G4CW54K754554796,Toyota,Celica,2001,Goldenrod
3VWML7AJ9CM198293,Buick,Coachbuilder,1992,Blue
WBAGN63472D695054,Kia,Carens,2008,Purple
ZHWGU6AU3CL532733,Volvo,XC90,2008,Blue
WBANV1C58AB137520,GMC,Jimmy,1994,Orange
WAUVVAFR3AA361444,Nissan,Armada,2005,Indigo
1G6AC5SX4D0555299,BMW,M3,1996,Indigo
WBALM7C5XEE687934,Mazda,Mazda5,2009,Yellow
1GKS1EEF6BR721927,MINI,Cooper,2012,Red
WUADUAFG1F7985136,Kia,Amanti,2004,Crimson
5FRYD4H43FB946267,Nissan,Pathfinder Armada,2004,Red
3GYFNFEY7AS625982,Audi,100,1992,Orange
WBA6A0C52ED167083,Chevrolet,TrailBlazer,2005,Orange
1G4PR5SKXD4612247,Dodge,Ram Van B350,1994,Blue
YV4952BL0E1491017,Isuzu,Rodeo,2002,Puce
JTHHE5BC4F5880803,Mercedes-Benz,SLS AMG,2012,Fuscia
JTHBP5C21D5945576,Shelby,GT350,1969,Fuscia
NM0KS9BN6BT043112,Mercedes-Benz,500SEL,1992,Mauv
JN1CV6EK0FM980295,Isuzu,i-350,2006,Orange
5UXZV4C53DL784121,Lincoln,MKX,2013,Pink
1ZVBP8AN1A5570913,GMC,1500 Club Coupe,1996,Pink
WA1DVBFE1AD408402,Buick,Skylark,1998,Yellow
KL4CJGSB4EB672182,Volkswagen,Jetta III,1994,Red
3TMJU4GN3DM337086,Audi,A8,2011,Pink
1G6DJ1ED9B0159251,Acura,SLX,1998,Blue
1FMNE1BW0AD700800,Chrysler,Sebring,1995,Aquamarine
JN8AZ2NC2B9543684,Ford,Transit Connect,2012,Turquoise
WBAKG7C58DE146169,GMC,Envoy XL,2002,Puce
1FTMF1CW3AF072831,Volkswagen,Passat,1991,Green
WBAAV33461E383966,Mercedes-Benz,Sprinter,2011,Aquamarine
1N4AL2APXBN099327,Plymouth,Voyager,1995,Maroon
JTEBU4BF6EK546427,Chevrolet,Express 3500,2000,Yellow
JN8AE2KP4C9752820,Dodge,Ram Van 2500,1998,Red
2G61V5S87F9399089,Pontiac,Sunfire,2001,Fuscia
WBAKA8C56AC417325,Mitsubishi,Challenger,2004,Fuscia
2C3CA4CG4BH040188,Chevrolet,Corvette,1953,Goldenrod
5N1AR1NB3BC344347,Ford,E150,2012,Puce
1N6AA0CC8BN682328,Mercedes-Benz,S-Class,2001,Red
WAURD68D12A738048,Mercury,Cougar,1992,Pink
WBAUN13529V188713,Mitsubishi,Starion,1989,Yellow
JH4KB2F6XCC153772,Mazda,Protege,1997,Goldenrod
WAUVT58E53A745994,Mitsubishi,Mirage,1995,Puce
JN8AZ1MU1AW295996,Mercury,Grand Marquis,1984,Red
JTHBB1BA0A2630443,Oldsmobile,Ciera,1993,Purple
1B3CB1HA5AD611325,Ford,Crown Victoria,2000,Green
1GYUKJEF5AR722683,Chevrolet,Express 2500,2012,Green
WAUDH98E56A598214,Volkswagen,Passat,1999,Red
KMHTC6AD0FU664269,Cadillac,Escalade ESV,2008,Khaki
WVGAV3AX7EW829750,Ford,F150,1999,Aquamarine
WAUDN74F68N123498,Mercedes-Benz,M-Class,2012,Aquamarine
1G6AB5RA1E0332577,Scion,tC,2006,Indigo
WBASN4C52BC901927,Ford,Tempo,1987,Turquoise
WA1CMAFP6EA765768,Ford,Explorer,2007,Aquamarine
WBAVM5C50DV577633,Subaru,Loyale,1993,Fuscia
YV126MFDXF2281773,Chevrolet,Colorado,2007,Teal
3N1BC1AP9BL871988,Ford,Thunderbird,1977,Mauv
1GYFK66887R878862,Oldsmobile,Bravada,1992,Goldenrod
3GYFK66N45G658623,Lotus,Evora,2011,Fuscia
WBALX5C53CC114278,Chevrolet,Silverado 3500,2010,Crimson
1FTSW3B54AE537408,GMC,Sonoma,1999,Khaki
WBABV13405J861465,Buick,LeSabre,2005,Maroon
4JGDF2EE8EA747827,GMC,Savana 2500,1996,Orange
JM3KE2BE7E0941622,Mercedes-Benz,300SL,1992,Orange
WBAGH83461D708328,Kia,Carens,2007,Green
JA4AP3AU3CZ867535,Subaru,Tribeca,2009,Green
SAJWA0FA3AH920183,Ford,Ranger,1994,Turquoise
WBA3A5C56FF535478,Audi,200,1991,Violet
WDDJK6FA9FF210710,Volvo,V50,2005,Puce
YV4902BZXC1235564,BMW,M3,2002,Violet
SCBZB25E72C510965,Subaru,Impreza,1997,Fuscia
WBALM7C59BE446040,Chevrolet,Lumina,1992,Goldenrod
1FTEW1E82AK779851,Subaru,XT,1987,Red
19XFA1F27AE973584,Cadillac,CTS,2007,Blue
1FMJU1F53AE239296,Mitsubishi,Montero Sport,1998,Yellow
SCBZU25E41C461278,Nissan,Maxima,2010,Goldenrod
1FTWW3DY7AE578463,Buick,LaCrosse,2008,Green
JN1CV6EK2FM085763,Lamborghini,Murciélago,2004,Blue
1N6AA0EC1FN720632,Mitsubishi,Montero Sport,2003,Maroon
SALFP2BNXAH238489,BMW,M3,1997,Indigo
3C4PDDEG4DT085160,Geo,Tracker,1997,Aquamarine
TRURD38J281964119,Mercury,Cougar,1995,Aquamarine
3C6JR6CT0DG728641,Porsche,928,1993,Purple
KMHFC4DF4AA885091,Nissan,Maxima,2010,Blue
YV1902FH8D1771400,Lotus,Exige,2005,Purple
JH4DC53013S494779,Dodge,Stealth,1993,Yellow
WP0AB2A86CS640995,Chevrolet,Express 1500,2011,Mauv
JTDKDTB35D1949551,Ford,Crown Victoria,1992,Crimson
1FAHP3E23CL261044,Mazda,MX-5,1990,Indigo
1G6DA1E33E0329860,Porsche,Boxster,2001,Blue
JN1CV6FE2FM291478,Chevrolet,Caprice,1996,Red
2HNYD2H2XCH921127,Dodge,Ram Van 3500,1997,Turquoise
SCBLC47J58C519469,Lexus,RX,2004,Indigo
1GYS4GEF5BR645514,Rolls-Royce,Phantom,2006,Pink
1VWAP7A3XEC988621,Ford,F250,1992,Turquoise
JM1DE1HY6B0954905,Chrysler,Prowler,2002,Red
JA32U1FU2BU293553,Mercedes-Benz,SL-Class,1988,Mauv
WBAGN63443D675524,Chevrolet,Lumina,1999,Teal
WAUAF78E36A573020,Mitsubishi,Mirage,1998,Teal
2D4RN4DE3AR373436,Toyota,Xtra,1994,Yellow
WBAEH13597C967398,Ford,Econoline E350,2001,Red
2C3CDXFG0DH419339,Mitsubishi,Diamante,2001,Puce
WAUAH94F06N391076,BMW,X5,2008,Indigo
SCBGU3ZA2EC595815,Pontiac,Grand Prix,2006,Indigo
WBAVA33597K305813,Chrysler,PT Cruiser,2007,Pink
WA1VMBFE6DD928204,Mitsubishi,Diamante,1992,Violet
5N1AT2ML8FC055584,Buick,Skylark,1986,Teal
1GYS4GEF9CR484022,Saturn,S-Series,1995,Turquoise
WBAXG5C5XCC860227,Jeep,Wrangler,2003,Yellow
WBXPC9C48AW099368,Ford,Taurus,2002,Red
JTEBC3EH3B2431791,Ford,E-Series,2004,Indigo
KMHGH4JH8DU177280,Jeep,Compass,2007,Violet
JN1CV6FE3EM987426,Chevrolet,Silverado 1500,2007,Teal
3VW507AT1EM258441,Jaguar,XJ Series,1997,Indigo
WAUDF78E28A547184,BMW,745,2002,Puce
1FTEW1CF7FF254835,Cadillac,DTS,2008,Fuscia
1G4HC5EM0AU321996,Volkswagen,GTI,1996,Khaki
1C4SDHCT3CC383324,Mercury,Mountaineer,2009,Green
JH4KA96662C701860,Acura,MDX,2012,Orange
5FPYK1F56EB119631,Dodge,Ram Van 2500,2003,Indigo
WA1LKAFP1AA370266,Mazda,Millenia,2002,Maroon
1D7RV1CP8AS846797,Chevrolet,Beretta,1993,Orange
2T1KU4EE5DC755097,Ford,F-Series,1994,Fuscia
5LMJJ3J55DE045112,Mazda,Tribute,2010,Fuscia
WVGAV3AX1DW247366,Saab,900,1999,Red
5UXKR6C5XE0956374,Chrysler,Town & Country,2000,Puce
3GYFNAE35ES551605,Suzuki,Vitara,2001,Orange
WAUVT58E32A239160,Mercedes-Benz,400E,1992,Indigo
1G6AX5SX3F0863247,Chevrolet,G-Series G20,1992,Teal
3VW507AT6FM994311,Lincoln,Aviator,2003,Aquamarine
JM1NC2PF2F0817823,Volvo,S80,2008,Goldenrod
3C6LD5AT2CG198711,Dodge,Durango,2007,Puce
4A31K5DF7CE988134,Acura,Vigor,1992,Pink
WDDEJ7EB3CA110695,Saab,900,1995,Turquoise
1G6DK5E38D0697678,Volvo,V90,1998,Red
3D73M3CL3BG090967,Pontiac,LeMans,1989,Purple
5N1AA0NC7AN498086,Mazda,MX-5,2012,Teal
1FTEX1CM5DF765730,Volvo,V50,2011,Indigo
1G6DN57S840861135,Honda,Odyssey,1995,Teal
WBAKX8C55BC028448,Mazda,Millenia,1997,Aquamarine
5N1AA0NC9BN251606,Saturn,S-Series,1992,Mauv
1G6KF54905U793610,Land Rover,Discovery,2003,Pink
JH4DC54845S996919,Subaru,Legacy,1991,Pink
1G4GE5G31FF440873,Lexus,RX Hybrid,2011,Crimson
WAUSF98K09A725555,Lincoln,Continental,1996,Indigo
WBAKG7C56CE537772,Toyota,Supra,1996,Puce
WBANB53567C163858,Ford,EXP,1985,Teal
JH4CL95844C825856,Chevrolet,HHR,2009,Yellow
1G4GD5ER3CF682635,Infiniti,G,1995,Crimson
WBY2Z2C53EV420202,Ford,F350,2009,Maroon
3G5DB03E32S283127,Ford,Taurus,2011,Blue
WDDHF5GB3AA514058,Pontiac,Grand Prix,1973,Purple
WAUDK78T48A498905,Ford,E250,2005,Puce
SAJWA4EC3BM338071,Cadillac,Escalade ESV,2010,Red
WAUJC68E42A876482,Toyota,Land Cruiser,2003,Violet
1G4PS5SK9E4244973,Lotus,Esprit,2004,Mauv
5UMBT93516L069634,Subaru,Legacy,1989,Mauv
WBAPM5C51BE157787,Infiniti,G37,2010,Fuscia
3VW517AT7FM367677,Mazda,MPV,1997,Aquamarine
VNKKTUD3XFA010184,Isuzu,i-370,2008,Indigo
WAUAFAFL2EA084492,Chrysler,300,2009,Violet
KMHHT6KD8BU446840,Toyota,Prius,2011,Indigo
WAUGU44D52N248366,Buick,Rendezvous,2002,Fuscia
2G4WC552661625388,Cadillac,XLR-V,2006,Teal
1G4GC5EG9AF598527,Jeep,Grand Cherokee,2011,Goldenrod
WBAEP33414P255297,Isuzu,Rodeo Sport,2003,Violet
SAJWA4EC3BM665571,Mercury,Monterey,2007,Green
1GYS3CKJ1FR586259,Lincoln,Continental,1993,Khaki
5TFBM5F17AX796250,Volkswagen,Passat,1998,Blue
WAUBFCFL8CA021863,Dodge,Ram,2010,Teal
1VWAH7A37EC778555,Dodge,Ram Van B250,1994,Yellow
1D4RD2GG4BC954393,Honda,CR-X,1985,Puce
19XFA1F22AE511059,Pontiac,Grand Prix,1964,Mauv
WBAEV53432K422738,Chevrolet,Blazer,2004,Turquoise
WAUSF98E76A699008,Chrysler,Pacifica,2005,Fuscia
WAUAH78E08A992245,Ford,Explorer,1997,Mauv
3GYFK66N25G817722,Ford,E350,2005,Violet
1FTSW2B59AE044236,Honda,CR-V,2002,Pink
1N6AA0CJ2EN712166,Saab,900,1987,Blue
2HNYD2H65CH842807,Dodge,Charger,1999,Aquamarine
3GYFNEEY9BS007977,Bentley,Azure,2008,Orange
WAUGL98E88A677956,Dodge,Nitro,2011,Purple
JTHKD5BH9E2303513,Mitsubishi,Montero Sport,2000,Purple
WBAAZ33474K972535,Mitsubishi,Eclipse,2008,Maroon
1G6AK5S3XF0442458,Lotus,Elan,1994,Fuscia
WBAPL3C55AA655567,Land Rover,Range Rover Evoque,2012,Purple
1FMJU1J57AE061304,Ford,Thunderbird,1977,Fuscia
1D4PU2GK4BW516855,Nissan,300ZX,1992,Teal
WAUBH78E96A988423,Lincoln,Navigator,2008,Blue
WBAVA37577N618741,Bentley,Arnage,2009,Violet
JN8AF5MR2ET706356,Mercury,Grand Marquis,1990,Green
5NPEB4AC7CH739308,BMW,5 Series,1997,Pink
YV1672MK4B2910197,Mercedes-Benz,SL-Class,2003,Yellow
WBAVC73518A355274,Lincoln,Continental Mark VII,1991,Red
YV4902DZ3D2160277,Chevrolet,S10,2000,Turquoise
JM1GJ1T62F1069390,Jeep,Grand Cherokee,2010,Puce
1FTEX1C80AK448931,Volkswagen,riolet,1992,Turquoise
2C3CCAGGXDH617957,Dodge,Viper,1997,Khaki
WAUCFAFR0BA459692,Volkswagen,Passat,1990,Puce
1FMJK1F50AE894215,Audi,R8,2011,Purple
5FNRL5H20DB727549,Dodge,Caravan,2010,Yellow
WA1WGBFP6EA930860,Mazda,B-Series,2007,Aquamarine
1G4CU541924626090,Chrysler,Town & Country,2003,Yellow
1GYS4CKJ4FR010467,Ford,GT500,2007,Blue
WBAPK5C58BF133924,Buick,Lucerne,2007,Violet
WBAWL13508P892376,Hyundai,Sonata,2002,Purple
SAJWA1EK0EM268992,Pontiac,6000,1989,Teal
1GKS1AE05ER550466,Kia,Optima,2011,Purple
1FAHP3CN9AW177223,Volvo,XC90,2007,Orange
4USCN33482L837637,BMW,X5,2011,Pink
WBAGN63433D010291,Volkswagen,rio,2000,Turquoise
WBALZ5C54CC997916,GMC,Sonoma,2003,Aquamarine
WBADT33423G494914,Ford,Flex,2010,Puce
19UUA76608A195141,Honda,Accord,1986,Red
SCBCR63W95C477931,Cadillac,Escalade ESV,2005,Yellow
5UMDU93406L516810,Honda,Accord,1998,Indigo
5FNYF3H45FB862666,Mercedes-Benz,SL-Class,2012,Blue
WBADS33491G419224,Honda,Insight,2003,Red
WAULT54B82N185771,Mazda,MX-5,1997,Goldenrod
WBAKF5C52BE696777,Mazda,MPV,1989,Teal
SALVN2BG1FH837114,Volkswagen,R32,2008,Teal
KNAGM4A73B5741896,Ford,Tempo,1992,Crimson
JTDKDTB30F1988020,Mercury,Grand Marquis,2006,Yellow
WAUEFBFL1AN545210,Mercedes-Benz,SL-Class,1996,Aquamarine
5UXFE8C54AL998069,Volvo,940,1995,Orange
5GAKVBKD3EJ978131,Hyundai,Accent,1998,Khaki
KMHHT6KD5BU142333,GMC,Sierra 2500,2000,Violet
3C4PDDBG3DT596623,Hyundai,Veloster,2013,Teal
1N6AA0CC9AN210914,Dodge,Ram 2500,2010,Pink
2C3CA5CG9BH969489,Dodge,Grand Caravan,2007,Yellow
1G6AE1R32F0614276,Chevrolet,Camaro,1977,Indigo
JTDKN3DU0F0420875,Mercedes-Benz,M-Class,2005,Fuscia
1FMEU6EE3AU881877,Fiat,500,2012,Red
SCFAD01A95G956688,BMW,5 Series,2011,Turquoise
SALME1D48CA064669,Land Rover,Range Rover,2001,Puce
1GKS1AEC5FR156865,Land Rover,LR2,2012,Teal
WBAHL03596D975760,Infiniti,FX,2011,Purple
5N1AA0NC3DN648831,Eagle,Vision,1996,Puce
WAUPL68E15A359851,Volkswagen,Eurovan,1997,Green
1D7CW5GK4AS157669,Chrysler,LeBaron,1993,Yellow
1C3CDWEA3CD053282,Buick,Park Avenue,2003,Green
WBAKA4C50CC534250,Eagle,Talon,1996,Purple
JN1AZ4EH7CM811794,Dodge,Aries,1981,Yellow
JTHFF2C28E2508583,Toyota,Highlander,2002,Maroon
WAUHFAFL9EA362299,Chevrolet,Tracker,1999,Aquamarine
1C4RDHDGXCC319846,Infiniti,M,2003,Goldenrod
WVGAV7AX6CW974685,Chevrolet,Corvette,1988,Red
YV4902BZ6B1178424,Dodge,Grand Caravan,2002,Green
5J6YH1H39AL217718,Acura,ZDX,2011,Orange
JH4DB76641S198697,Mercedes-Benz,SL-Class,1990,Violet
2HNYB1H62DH635423,Mitsubishi,Mirage,2000,Fuscia
WA1GFCFS6FR480308,MINI,Cooper,2010,Green
4T1BF1FK0EU366719,GMC,Suburban 2500,1994,Pink
WVWAA7AH9AV512407,Holden,VS Commodore,1995,Fuscia
SALAC2D49BA356814,Mazda,RX-7,1993,Aquamarine
3G5DB03E34S141167,Porsche,911,2011,Teal
SCBLE47K89C896107,Acura,RSX,2005,Yellow
JN1BJ0HP8FM647533,Dodge,Caravan,1996,Khaki
JM1NC2PFXF0776549,Toyota,RAV4,2008,Aquamarine
KM8NU4CCXBU373738,Chevrolet,Equinox,2012,Yellow
WAUAT48H43K577407,MINI,Cooper,2008,Khaki
2FMDK3GC0AB462340,GMC,Savana 1500,2012,Khaki
WBAKB4C59BC766258,GMC,Envoy XL,2003,Khaki
3GYFNDE36ES651567,Dodge,Ram 2500,2004,Goldenrod
WBXPC93478W933382,Volkswagen,Type 2,1986,Teal
JHMZF1D60ES067394,Mitsubishi,Lancer,2012,Khaki
19UYA42412A350565,Mercury,Grand Marquis,1994,Goldenrod
5J6TF3H50FL117141,Honda,Accord,2008,Aquamarine
WBA3B5C59EP299981,Mercedes-Benz,CL-Class,2010,Khaki
5TDBK3EH4CS017954,Buick,Regal,2003,Aquamarine
2G4GS5EV0C9186624,Lincoln,Aviator,2005,Aquamarine
1FTEW1CF2FK177542,GMC,3500 Club Coupe,1998,Puce
WAUFGAFB5AN314782,Ford,Escort,1993,Red
1N6AA0CAXDN843358,Volvo,XC70,2006,Indigo
5UXFE83599L853623,Subaru,Impreza,1999,Khaki
2HNYD189X3H433674,Subaru,Forester,2012,Orange
JN1CV6EK3CM326385,Toyota,Corolla,2009,Crimson
SALGS2DF1DA533504,Subaru,Legacy,2005,Khaki
1FTEW1E83AK365932,Dodge,Viper,2000,Turquoise
WBSVA93598E990426,Ford,Bronco,1993,Yellow
WAULFAFR4AA068530,Isuzu,Rodeo,1993,Mauv
1GYFK63878R274273,Mitsubishi,Galant,1987,Crimson
1G6KP5ES3BU103942,Lexus,GX,2010,Mauv
1FTSX2B55AE875679,Pontiac,Grand Prix,2000,Yellow
WAUDF78E16A391880,Volkswagen,riolet,1993,Indigo
WUAUUAFG3F7346742,Toyota,Prius,2012,Aquamarine
JN1CV6AP2DM153476,Chevrolet,Impala,2003,Green
JN8AE2KP8B9785141,Volkswagen,CC,2009,Yellow
JN8AZ2KRXAT429040,BMW,X3,2005,Red
1D4RD3GG9BC341644,Volvo,S60,2005,Orange
2G4GT5GC5B9546266,Mercedes-Benz,M-Class,2003,Puce
5TFCW5F1XDX152468,GMC,1500 Club Coupe,1998,Fuscia
1G6AH5SX5E0255466,Chevrolet,Suburban 1500,2012,Blue
WA1AY74L39D469898,Lexus,GS,2011,Purple
5J8TB3H30DL144368,Rolls-Royce,Phantom,2010,Orange
3GYFK66N06G129851,Mercedes-Benz,300D,1993,Mauv
1G6DG8E30E0718799,GMC,Sierra 1500,2009,Violet
19UYA42751A253622,Geo,Tracker,1996,Blue
5N1AA0ND6FN920168,Chevrolet,G-Series G20,1994,Violet
WBAGL63412D882103,Lexus,RX,2005,Crimson
WAUAGAFD7EN070635,Dodge,Avenger,2008,Purple
5FPYK1F68EB150792,Audi,5000S,1986,Puce
1FMJU1G5XAE233736,Cadillac,Seville,1998,Maroon
SALFR2BN0BH467727,Suzuki,Swift,1999,Maroon
5TDBY5G16DS048800,Mitsubishi,Mirage,2001,Fuscia
1FMCU4K37BK039183,Mercedes-Benz,CLK-Class,2000,Maroon
5J6TF1H32FL509735,Chevrolet,Caprice,1994,Violet
1FTEW1C88FF138769,Pontiac,LeMans,1989,Turquoise
KNADH4A30B6011636,Mitsubishi,Lancer,2003,Yellow
